{"cameraMode":{"drawMode":0,"name":"Shaded","section":"Shading Mode"},"sceneLighting":false,"audioPlay":false,"sceneViewState":{"showFog":true,"showMaterialUpdate":true,"showSkybox":false,"showFlares":true,"showImageEffects":true,"showParticleSystems":true},"in2DMode":false,"pivot":{"x":0.2027532011270523,"y":0.03057779371738434,"z":10.440999984741211},"rotation":{"x":0.18909168243408204,"y":-0.0515260323882103,"z":0.00994065497070551,"w":0.9805755019187927},"size":0.25570937991142275,"orthographic":false}