{"cameraMode":{"drawMode":0,"name":"Shaded","section":"Shading Mode"},"sceneLighting":true,"audioPlay":false,"sceneViewState":{"showFog":true,"showMaterialUpdate":true,"showSkybox":true,"showFlares":true,"showImageEffects":true,"showParticleSystems":true},"in2DMode":false,"pivot":{"x":-1.5384325981140137,"y":77.71231842041016,"z":32.39741897583008},"rotation":{"x":0.3461105227470398,"y":0.6459285020828247,"z":-0.41402021050453188,"w":0.5399815440177918},"size":4.027359962463379,"orthographic":false}