{"cameraMode":{"drawMode":0,"name":"Shaded","section":"Shading Mode"},"sceneLighting":false,"audioPlay":false,"sceneViewState":{"showFog":false,"showMaterialUpdate":false,"showSkybox":false,"showFlares":false,"showImageEffects":false,"showParticleSystems":false},"in2DMode":false,"pivot":{"x":2.9802322387695315e-8,"y":-0.31800001859664919,"z":4.0605998039245609},"rotation":{"x":0.41072139143943789,"y":-0.19025038182735444,"z":0.08805926144123078,"w":0.8873482942581177},"size":0.5237933993339539,"orthographic":false}