{"cameraMode":{"drawMode":0,"name":"Shaded","section":"Shading Mode"},"sceneLighting":false,"audioPlay":false,"sceneViewState":{"showFog":true,"showMaterialUpdate":true,"showSkybox":false,"showFlares":true,"showImageEffects":true,"showParticleSystems":true},"in2DMode":false,"pivot":{"x":0.0,"y":-0.00034049153327941895,"z":-0.4687899947166443},"rotation":{"x":0.2974568009376526,"y":0.07522566616535187,"z":-0.02351769059896469,"w":0.95147705078125},"size":0.4483478367328644,"orthographic":false}