{"cameraMode":{"drawMode":0,"name":"Shaded","section":"Shading Mode"},"sceneLighting":false,"audioPlay":false,"sceneViewState":{"showFog":true,"showMaterialUpdate":true,"showSkybox":false,"showFlares":true,"showImageEffects":true,"showParticleSystems":true},"in2DMode":false,"pivot":{"x":0.0052738189697265629,"y":0.6817198991775513,"z":-0.06855738162994385},"rotation":{"x":0.1948666125535965,"y":0.6333390474319458,"z":-0.16916035115718842,"w":0.7295846939086914},"size":3.4660251140594484,"orthographic":false}