{"cameraMode":{"drawMode":0,"name":"Shaded","section":"Shading Mode"},"sceneLighting":false,"audioPlay":false,"sceneViewState":{"showFog":true,"showMaterialUpdate":true,"showSkybox":false,"showFlares":true,"showImageEffects":true,"showParticleSystems":true},"in2DMode":false,"pivot":{"x":0.006923168897628784,"y":0.6310608386993408,"z":0.024231046438217164},"rotation":{"x":0.1285521388053894,"y":-0.037179749459028247,"z":0.004822958260774612,"w":0.9909939765930176},"size":0.5744562745094299,"orthographic":false}