{"cameraMode":{"drawMode":0,"name":"Shaded","section":"Shading Mode"},"sceneLighting":false,"audioPlay":false,"sceneViewState":{"showFog":true,"showMaterialUpdate":true,"showSkybox":false,"showFlares":true,"showImageEffects":true,"showParticleSystems":true},"in2DMode":false,"pivot":{"x":8.88525390625,"y":3.6558644771575929,"z":-6.281972408294678},"rotation":{"x":0.23725076019763947,"y":-0.10239261388778687,"z":0.025151927024126054,"w":0.9657300114631653},"size":0.5296213030815125,"orthographic":false}