{"cameraMode":{"drawMode":0,"name":"Shaded","section":"Shading Mode"},"sceneLighting":false,"audioPlay":false,"sceneViewState":{"showFog":true,"showMaterialUpdate":true,"showSkybox":false,"showFlares":true,"showImageEffects":true,"showParticleSystems":true},"in2DMode":false,"pivot":{"x":5.827154636383057,"y":24.182981491088868,"z":-29.256168365478517},"rotation":{"x":0.3135717511177063,"y":-0.08873886615037918,"z":0.029443498700857164,"w":0.944970428943634},"size":0.9338252544403076,"orthographic":false}