{"cameraMode":{"drawMode":0,"name":"Shaded","section":"Shading Mode"},"sceneLighting":false,"audioPlay":false,"sceneViewState":{"showFog":true,"showMaterialUpdate":true,"showSkybox":false,"showFlares":true,"showImageEffects":true,"showParticleSystems":true},"in2DMode":false,"pivot":{"x":-3.1545398235321047,"y":2.0724666118621828,"z":-3.0524051189422609},"rotation":{"x":0.24945089221000672,"y":0.2833423912525177,"z":-0.07659036666154862,"w":0.9228366613388062},"size":0.5233199596405029,"orthographic":false}