{"cameraMode":{"drawMode":0,"name":"Shaded","section":"Shading Mode"},"sceneLighting":false,"audioPlay":false,"sceneViewState":{"showFog":true,"showMaterialUpdate":true,"showSkybox":false,"showFlares":true,"showImageEffects":true,"showParticleSystems":true},"in2DMode":false,"pivot":{"x":-9.201400756835938,"y":-0.9273555278778076,"z":-2.377521514892578},"rotation":{"x":-0.02509644813835621,"y":0.6985711455345154,"z":0.024531520903110505,"w":0.7146807909011841},"size":4.080380916595459,"orthographic":false}