{"cameraMode":{"drawMode":0,"name":"Shaded","section":"Shading Mode"},"sceneLighting":false,"audioPlay":false,"sceneViewState":{"showFog":true,"showMaterialUpdate":true,"showSkybox":false,"showFlares":true,"showImageEffects":true,"showParticleSystems":true},"in2DMode":false,"pivot":{"x":0.19269999861717225,"y":0.046300001442432407,"z":0.5540000200271606},"rotation":{"x":0.21072039008140565,"y":-0.5909183621406555,"z":0.16354116797447205,"w":0.7613909244537354},"size":0.0810312032699585,"orthographic":false}